[
  {
    "id": "mock123",
    "title": "테스트 영상입니다",
    "channel": "Test Channel",
    "uploadDate": "2025-03-30T12:00:00Z",
    "url": "https://youtube.com/watch?v=mock123",
    "thumbnail": "https://via.placeholder.com/320x180",
    "duration": 29,
    "views": 123456,
    "isKorean": false,
    "keyword": "travel"
  },
  {
    "id": "mock456",
    "title": "여행 브이로그",
    "channel": "Dummy Creator",
    "uploadDate": "2025-03-29T10:30:00Z",
    "url": "https://youtube.com/watch?v=mock456",
    "thumbnail": "https://via.placeholder.com/320x180",
    "duration": 31,
    "views": 654321,
    "isKorean": false,
    "keyword": "travel"
  }
]